STOP_ID,STOP_FRISK_DATE,STOP_FRISK_TIME,YEAR2,MONTH2,DAY2,STOP_WAS_INITIATED,ISSUING_OFFICER_RANK,ISSUING_OFFICER_COMMAND_CODE,SUPERVISING_OFFICER_RANK,SUPERVISING_OFFICER_COMMAND_CODE,SUPERVISING_ACTION_CORRESPONDING_ACTIVITY_LOG_ENTRY_REVIEWED,LOCATION_IN_OUT_CODE,JURISDICTION_CODE,JURISDICTION_DESCRIPTION,OBSERVED_DURATION_MINUTES,SUSPECTED_CRIME_DESCRIPTION,STOP_DURATION_MINUTES,OFFICER_EXPLAINED_STOP_FLAG,OFFICER_NOT_EXPLAINED_STOP_DESCRIPTION,OTHER_PERSON_STOPPED_FLAG,SUSPECT_ARRESTED_FLAG,SUSPECT_ARREST_OFFENSE,SUMMONS_ISSUED_FLAG,SUMMONS_OFFENSE_DESCRIPTION,OFFICER_IN_UNIFORM_FLAG,ID_CARD_IDENTIFIES_OFFICER_FLAG,SHIELD_IDENTIFIES_OFFICER_FLAG,VERBAL_IDENTIFIES_OFFICER_FLAG,FRISKED_FLAG,SEARCHED_FLAG,ASK_FOR_CONSENT_FLG,CONSENT_GIVEN_FLG,OTHER_CONTRABAND_FLAG,FIREARM_FLAG,KNIFE_CUTTER_FLAG,OTHER_WEAPON_FLAG,WEAPON_FOUND_FLAG,PHYSICAL_FORCE_CEW_FLAG,PHYSICAL_FORCE_DRAW_POINT_FIREARM_FLAG,PHYSICAL_FORCE_HANDCUFF_SUSPECT_FLAG,PHYSICAL_FORCE_OC_SPRAY_USED_FLAG,PHYSICAL_FORCE_OTHER_FLAG,PHYSICAL_FORCE_RESTRAINT_USED_FLAG,PHYSICAL_FORCE_VERBAL_INSTRUCTION_FLAG,PHYSICAL_FORCE_WEAPON_IMPACT_FLAG,BACKROUND_CIRCUMSTANCES_VIOLENT_CRIME_FLAG,BACKROUND_CIRCUMSTANCES_SUSPECT_KNOWN_TO_CARRY_WEAPON_FLAG,SUSPECTS_ACTIONS_CASING_FLAG,SUSPECTS_ACTIONS_CONCEALED_POSSESSION_WEAPON_FLAG,SUSPECTS_ACTIONS_DECRIPTION_FLAG,SUSPECTS_ACTIONS_DRUG_TRANSACTIONS_FLAG,SUSPECTS_ACTIONS_IDENTIFY_CRIME_PATTERN_FLAG,SUSPECTS_ACTIONS_LOOKOUT_FLAG,SUSPECTS_ACTIONS_OTHER_FLAG,SUSPECTS_ACTIONS_PROXIMITY_TO_SCENE_FLAG,SEARCH_BASIS_ADMISSION_FLAG,SEARCH_BASIS_CONSENT_FLAG,SEARCH_BASIS_HARD_OBJECT_FLAG,SEARCH_BASIS_INCIDENTAL_TO_ARREST_FLAG,SEARCH_BASIS_OTHER_FLAG,SEARCH_BASIS_OUTLINE_FLAG,DEMEANOR_OF_PERSON_STOPPED,SUSPECT_REPORTED_AGE,SUSPECT_SEX,SUSPECT_RACE_DESCRIPTION,SUSPECT_HEIGHT,SUSPECT_WEIGHT,SUSPECT_BODY_BUILD_TYPE,SUSPECT_EYE_COLOR,SUSPECT_HAIR_COLOR,SUSPECT_OTHER_DESCRIPTION,STOP_LOCATION_STREET_NAME,STOP_LOCATION_BORO_NAME
279772561,2024-01-01,01:58:00,2024,January,Monday,Based on Self Initiated,PO,046,SGT,046,Y,O,P,PSB,1,CPW,1,N,ARREST,N,Y,CPW,N,(null),Y,(null),(null),(null),Y,Y,N,N,N,Y,(null),(null),Y,(null),Y,(null),(null),(null),(null),Y,(null),(null),(null),(null),Y,(null),(null),(null),(null),(null),(null),(null),(null),Y,Y,(null),(null),NERVOUS,27,MALE,WHITE HISPANIC,5.11,160,THN,BRO,BLK,(null),CLAY AVE,BRONX
279772564,2024-01-01,00:48:00,2024,January,Monday,Based on Self Initiated,PO,120,SGT,067,Y,O,(null),(null),1,CPW,3,Y,(null),N,N,(null),N,(null),Y,(null),(null),(null),Y,Y,N,N,N,Y,(null),(null),Y,(null),(null),(null),(null),(null),(null),Y,(null),(null),(null),(null),Y,(null),(null),(null),(null),(null),(null),(null),(null),Y,(null),(null),(null),#N/A,22,MALE,BLACK,6.1,200,MED,BRO,BLK,BLACK HOODIE SWEATSHIRT,FARRAGUT RD,BROOKLYN
279772565,2024-01-01,01:10:00,2024,January,Monday,Based on Radio Run,PO,871,SGT,871,Y,S,T,Transit,0,GRAND LARCENY,20,Y,(null),Y,N,(null),N,(null),Y,(null),(null),(null),Y,N,N,N,N,(null),(null),(null),N,(null),(null),(null),(null),(null),(null),Y,(null),(null),(null),(null),(null),Y,(null),(null),(null),(null),Y,(null),(null),(null),(null),(null),(null),NORMAL,17,MALE,WHITE HISPANIC,6.0,140,THN,BRO,BLK,SCAR ON LIP,,BROOKLYN
279772566,2024-01-01,01:10:00,2024,January,Monday,Based on Radio Run,PO,871,SGT,871,Y,S,T,Transit,0,GRAND LARCENY,20,Y,(null),Y,N,(null),N,(null),Y,(null),(null),(null),Y,N,N,N,N,(null),(null),(null),N,(null),(null),(null),(null),(null),(null),Y,(null),(null),(null),(null),(null),Y,(null),(null),(null),(null),Y,(null),(null),(null),(null),(null),(null),NORMAL,13,MALE,WHITE HISPANIC,5.0,120,THN,BRO,BLK,RED JACKET/ RED HAT,,BROOKLYN
279772567,2024-01-01,01:10:00,2024,January,Monday,Based on Radio Run,PO,871,SGT,871,Y,S,T,Transit,0,GRAND LARCENY,20,Y,(null),Y,N,(null),N,(null),Y,(null),(null),(null),Y,N,N,N,N,(null),(null),(null),N,(null),(null),(null),(null),(null),(null),Y,(null),(null),(null),(null),(null),Y,(null),(null),(null),(null),Y,(null),(null),(null),(null),(null),(null),NORMAL,14,MALE,WHITE HISPANIC,5.0,120,THN,BRO,BLK,BLACK JACKET,,BROOKLYN
279772568,2024-01-01,01:10:00,2024,January,Monday,Based on Radio Run,PO,871,SGT,871,Y,S,T,Transit,0,GRAND LARCENY,20,Y,(null),Y,N,(null),N,(null),Y,(null),(null),(null),Y,N,N,N,N,(null),(null),(null),N,(null),(null),(null),(null),(null),(null),Y,(null),(null),(null),(null),(null),Y,(null),(null),(null),(null),Y,(null),(null),(null),(null),(null),(null),NORMAL,17,MALE,WHITE HISPANIC,5.5,130,THN,BRO,BLK,BLACK HAT/ BLACK JACKET,,BROOKLYN
279794959,2024-01-01,00:44:00,2024,January,Monday,Based on Self Initiated,PO,044,SGT,044,Y,(null),(null),(null),1,CPW,9,Y,(null),Y,N,(null),N,(null),Y,(null),(null),(null),Y,Y,N,N,N,(null),Y,(null),Y,(null),(null),(null),(null),(null),(null),Y,(null),(null),(null),(null),Y,(null),(null),(null),(null),Y,(null),Y,(null),Y,(null),(null),(null),CALM,20,MALE,BLACK,5.8,140,THN,BRO,BLK,(null),CONCOURSE VLG W,BRONX
279794960,2024-01-01,00:44:00,2024,January,Monday,Based on Self Initiated,PO,044,SGT,044,Y,(null),(null),(null),2,MENACING,9,Y,(null),Y,N,(null),N,(null),Y,(null),(null),(null),N,N,N,N,N,(null),(null),(null),N,(null),(null),Y,(null),(null),(null),(null),(null),(null),(null),(null),(null),(null),(null),(null),(null),Y,(null),(null),(null),(null),(null),(null),(null),#N/A,(null),MALE,BLACK,6.2,270,HEA,BRO,BLK,(null),CONCOURSE VLG W,BRONX
279794965,2024-01-01,23:15:00,2024,January,Monday,Based on Radio Run,PO,070,SGT,070,Y,O,P,PSB,1,CPW,5,Y,(null),N,N,(null),N,(null),Y,(null),(null),(null),Y,N,N,N,N,(null),(null),(null),N,(null),(null),(null),(null),(null),(null),Y,(null),Y,(null),(null),(null),Y,(null),(null),(null),(null),(null),(null),(null),(null),(null),(null),(null),IRATIC,35,MALE,BLACK,5.8,160,THN,BRO,BLK,(null),FLATBUSH AVE,BROOKLYN
279808662,2024-01-01,23:35:00,2024,January,Monday,Based on Self Initiated,PO,044,SGT,044,Y,O,(null),(null),2,CPW,26,N,ARREST,Y,Y,CPW,N,(null),Y,(null),(null),(null),Y,Y,N,N,N,Y,(null),(null),Y,(null),Y,(null),(null),(null),(null),Y,(null),(null),(null),(null),Y,(null),(null),(null),(null),(null),(null),(null),(null),(null),Y,(null),(null),#N/A,20,MALE,BLACK HISPANIC,5.8,140,THN,BRO,BLK,(null),E 170 ST,BRONX
279808663,2024-01-01,00:00:00,2024,January,Monday,Based on Radio Run,PO,075,SGT,075,Y,O,P,PSB,0,OTHER,14,N,CAR PLATE MATCHED FLEEING VEHICLE THAT DRAGGED MOS. PERP STATED IT WAS HIS VEHICLE ON SCENE.,N,Y,ASSAULT,N,(null),Y,(null),(null),(null),Y,Y,Y,Y,N,(null),(null),(null),N,(null),(null),Y,(null),(null),(null),Y,(null),(null),(null),(null),(null),Y,(null),(null),(null),(null),Y,(null),Y,(null),Y,(null),(null),#N/A,(null),MALE,BLACK,(null),10,MED,BRO,BLK,NONE,JAMAICA AVE,BROOKLYN
279808664,2024-01-02,01:05:00,2024,January,Tuesday,Based on Radio Run,PO,078,LT,078,Y,O,(null),(null),2,BURGLARY,20,Y,(null),Y,N,(null),N,(null),Y,(null),(null),(null),N,N,N,N,N,(null),(null),(null),N,(null),(null),(null),(null),(null),(null),Y,(null),(null),(null),(null),(null),(null),(null),(null),(null),Y,Y,(null),(null),(null),(null),(null),(null),CALM,18,MALE,WHITE HISPANIC,6.0,160,THN,BRO,BLK,(null),5 AVE,BROOKLYN
279808665,2024-01-02,01:05:00,2024,January,Tuesday,Based on Radio Run,PO,078,LT,078,Y,O,(null),(null),2,BURGLARY,20,Y,(null),Y,N,(null),N,(null),Y,(null),(null),(null),N,N,N,N,N,(null),(null),(null),N,(null),(null),(null),(null),(null),(null),Y,(null),(null),(null),(null),(null),(null),(null),(null),(null),Y,Y,(null),(null),(null),(null),(null),(null),CALM,19,MALE,WHITE HISPANIC,5.10,150,THN,BRO,BLK,(null),5 AVE,BROOKLYN
279808666,2024-01-02,01:05:00,2024,January,Tuesday,Based on Radio Run,PO,078,LT,078,Y,O,(null),(null),2,BURGLARY,20,Y,(null),Y,N,(null),N,(null),Y,(null),(null),(null),N,N,N,N,N,(null),(null),(null),N,(null),(null),(null),(null),(null),(null),Y,(null),(null),(null),(null),(null),(null),(null),(null),(null),Y,Y,(null),(null),(null),(null),(null),(null),CALM,17,MALE,WHITE,5.10,150,THN,BRO,BLK,(null),5 AVE,BROOKLYN
279808667,2024-01-02,01:05:00,2024,January,Tuesday,Based on Radio Run,PO,078,LT,078,Y,O,(null),(null),2,BURGLARY,20,Y,(null),Y,N,(null),N,(null),Y,(null),(null),(null),N,N,N,N,N,(null),(null),(null),N,(null),(null),(null),(null),(null),(null),Y,(null),(null),(null),(null),(null),(null),(null),(null),(null),Y,Y,(null),(null),(null),(null),(null),(null),CALM,18,MALE,WHITE,5.8,140,THN,BRO,BLN,(null),5 AVE,BROOKLYN
279808668,2024-01-02,01:05:00,2024,January,Tuesday,Based on Radio Run,PO,078,LT,078,Y,O,(null),(null),2,BURGLARY,20,Y,(null),Y,N,(null),N,(null),Y,(null),(null),(null),N,N,N,N,N,(null),(null),(null),N,(null),(null),(null),(null),(null),(null),Y,(null),(null),(null),(null),(null),(null),(null),(null),(null),Y,Y,(null),(null),(null),(null),(null),(null),CALM,18,MALE,WHITE,5.10,150,THN,BRO,BLK,(null),5 AVE,BROOKLYN
279829563,2024-01-01,00:42:00,2024,January,Monday,Based on Radio Run,PO,806,SGT,806,Y,(null),H,Housing,1,CPW,4,Y,(null),N,Y,CPW,N,(null),Y,(null),(null),(null),Y,Y,N,N,N,Y,Y,(null),Y,(null),(null),(null),(null),(null),(null),Y,(null),Y,Y,(null),(null),Y,(null),(null),(null),(null),(null),(null),(null),(null),Y,(null),(null),INDIVIDUAL WAS COMPLIANT WITH OFFICERS ORDERS.,58,MALE,BLACK,5.9,260,HEA,BRO,BLK,BLACK SHIRT GRAY SWEATPANTS DUFFLE BAG AND GRAY PITBULL,12 AVE,MANHATTAN
279829566,2024-01-01,00:54:00,2024,January,Monday,Based on Self Initiated,PO,042,SGT,042,Y,O,(null),(null),2,CPW,2,Y,(null),N,N,(null),N,(null),Y,(null),(null),(null),Y,Y,N,N,N,Y,(null),(null),Y,(null),(null),(null),(null),(null),(null),Y,(null),(null),(null),(null),Y,(null),(null),(null),(null),(null),(null),(null),(null),Y,(null),(null),(null),NERVOUS,18,MALE,BLACK,6.0,155,MED,BRO,BLK,(null),REV JAMES A POLITE AVE,BRONX
279829568,2024-01-01,20:29:00,2024,January,Monday,Based on Radio Run,PO,042,SGT,042,Y,(null),(null),(null),0,CPW,2,Y,(null),N,N,(null),N,(null),Y,(null),(null),(null),Y,N,N,(null),N,(null),(null),(null),N,(null),(null),(null),(null),(null),(null),Y,(null),Y,(null),(null),(null),Y,(null),(null),(null),(null),(null),(null),(null),(null),(null),(null),(null),#N/A,(null),MALE,BLACK,(null),(null),(null),BLK,BLD,(null),FREEMAN ST,BRONX
279829569,2024-01-01,02:02:00,2024,January,Monday,Based on Self Initiated,PO,049,SGT,049,Y,(null),(null),(null),1,CPW,2,Y,(null),N,N,(null),N,(null),Y,(null),(null),(null),Y,Y,N,N,N,(null),Y,(null),Y,(null),(null),(null),(null),(null),(null),Y,(null),(null),(null),(null),Y,(null),(null),(null),(null),(null),(null),(null),(null),(null),(null),Y,(null),CALM,16,MALE,BLACK,5.8,150,MED,BRO,BLK,(null),MAGENTA ST,BRONX
279829575,2024-01-01,02:47:00,2024,January,Monday,Based on Self Initiated,PO,049,SGT,049,Y,(null),(null),(null),1,CPW,1,Y,(null),N,N,(null),N,(null),Y,(null),(null),(null),Y,N,N,N,N,(null),(null),(null),N,(null),(null),(null),(null),(null),(null),Y,(null),(null),(null),(null),Y,(null),(null),(null),(null),(null),(null),(null),(null),(null),(null),(null),(null),CALM,16,MALE,BLACK,5.6,150,THN,BRO,BLK,(null),ARNOW AVE,BRONX
279846920,2024-01-02,20:38:00,2024,January,Tuesday,Based on Self Initiated,PO,040,SGT,040,Y,O,(null),(null),1,CPW,1,Y,(null),N,N,(null),N,(null),Y,(null),(null),(null),Y,N,N,(null),N,(null),(null),(null),N,(null),(null),(null),(null),(null),Y,Y,(null),(null),(null),Y,Y,(null),(null),(null),Y,(null),(null),(null),(null),(null),(null),(null),(null),VIOLENT AND AGGRAVATED,(null),MALE,BLACK,6.0,160,THN,BLK,BLK,(null),MELROSE AVE,BRONX
279846921,2024-01-01,02:27:00,2024,January,Monday,Based on Self Initiated,PO,042,SDS,642,Y,(null),(null),(null),0,CPW,2,Y,(null),N,N,(null),N,(null),Y,(null),(null),(null),Y,N,N,N,N,(null),Y,(null),Y,(null),(null),(null),(null),(null),(null),Y,(null),(null),(null),(null),Y,(null),(null),(null),(null),(null),(null),(null),(null),(null),(null),(null),(null),NERVOUS,20,MALE,BLACK,6.0,150,THN,BRO,BLK,(null),WEBSTER AVE,BRONX
279846922,2024-01-02,19:59:00,2024,January,Tuesday,Based on Self Initiated,PO,044,SGT,044,Y,(null),(null),(null),1,CPW,1,Y,(null),N,N,(null),N,(null),Y,(null),(null),(null),Y,N,N,N,N,(null),(null),(null),N,(null),(null),(null),(null),(null),(null),Y,(null),(null),(null),(null),Y,(null),(null),(null),(null),(null),(null),(null),(null),(null),(null),(null),(null),NERVOUS,20,MALE,WHITE HISPANIC,6.1,160,MED,BRO,XXX,BLACK SKI MASK BLACK JACKET BLACK JEANS AND BLUE SNEAKERS.,E 170 ST,BRONX
279846923,2024-01-02,19:30:00,2024,January,Tuesday,Based on Self Initiated,PO,044,SGT,044,Y,O,(null),(null),1,CPW,1,Y,(null),N,N,(null),N,(null),Y,(null),(null),(null),Y,N,N,N,N,(null),(null),(null),N,(null),(null),(null),(null),(null),(null),Y,(null),(null),(null),(null),Y,(null),(null),(null),(null),(null),(null),(null),(null),(null),(null),(null),(null),NERVOUS,30,MALE,WHITE HISPANIC,5.9,(null),THN,(null),(null),BLACK AND WHITE JACKET GRAY HOODED SWEATER BLACK AND WHITE SWEATPANTS A WHITE,E 161 ST,BRONX
279846924,2024-01-02,15:48:00,2024,January,Tuesday,Based on Self Initiated,PO,808,SGT,808,Y,I,P,PSB,2,OTHER,2,Y,(null),Y,N,(null),N,(null),Y,(null),(null),(null),Y,N,N,N,N,(null),(null),(null),N,(null),(null),(null),(null),(null),(null),Y,(null),Y,(null),(null),Y,Y,(null),(null),(null),(null),Y,(null),(null),(null),(null),(null),(null),#N/A,(null),MALE,BLACK HISPANIC,5.9,220,HEA,BRO,BLK,BLACK MEIDCAL MASK GRAY HOODIE SWEATER RED JACKET BLACK SWEATS BLACK SNEAKER,HUTCHINSON RIVER PARKWAY,BRONX
279846925,2024-01-02,15:47:00,2024,January,Tuesday,Based on Self Initiated,PO,808,SGT,808,Y,(null),P,PSB,2,OTHER,2,Y,(null),Y,N,(null),N,(null),Y,(null),(null),(null),Y,N,N,N,N,(null),(null),(null),N,(null),(null),(null),(null),(null),(null),Y,(null),Y,(null),(null),Y,Y,(null),(null),(null),(null),Y,(null),(null),(null),(null),(null),(null),#N/A,(null),MALE,BLACK HISPANIC,5.10,265,HEA,BLK,BLK,GRAY HOODIE SWEATER BLACK SWEATPANTS BROWN SANDALS,HUTCHINSON RIVER PARKWAY,BRONX
279846927,2024-01-02,22:10:00,2024,January,Tuesday,Based on Self Initiated,PO,042,SDS,642,Y,(null),(null),(null),0,CPW,1,Y,(null),N,Y,CPW,N,(null),Y,(null),(null),(null),Y,Y,N,N,N,Y,(null),(null),Y,(null),(null),(null),(null),(null),(null),Y,(null),(null),(null),(null),Y,(null),(null),(null),(null),Y,(null),(null),(null),(null),Y,(null),(null),#N/A,22,MALE,BLACK,6.3,160,THN,BRO,BLK,(null),E 228 ST,BRONX
279846928,2024-01-01,01:42:00,2024,January,Monday,Based on Self Initiated,LT,052,LT,052,N,(null),(null),(null),2,CPW,1,Y,(null),N,N,(null),N,(null),Y,(null),(null),(null),Y,N,N,N,N,(null),Y,(null),Y,(null),(null),(null),(null),(null),(null),Y,(null),(null),(null),(null),Y,(null),(null),(null),(null),(null),(null),(null),(null),(null),(null),(null),(null),RUDE,25,MALE,BLACK,5.7,150,MED,BRO,BLK,PONYTAIL,PARK AVE,BRONX
279846929,2024-01-02,21:10:00,2024,January,Tuesday,Based on Self Initiated,PO,050,SGT,050,Y,(null),(null),(null),5,CPW,5,Y,(null),N,N,(null),N,(null),Y,(null),(null),(null),Y,Y,N,N,N,(null),(null),(null),N,(null),(null),(null),(null),(null),(null),Y,(null),(null),Y,(null),(null),(null),(null),(null),(null),Y,(null),(null),(null),Y,(null),(null),Y,#N/A,38,MALE,BLACK HISPANIC,5.11,210,MED,BRO,BLK,(null),BROADWAY,BRONX
279846933,2024-01-03,00:34:00,2024,January,Wednesday,Based on Radio Run,PO,112,SGT,112,Y,O,(null),(null),3,ASSAULT,10,Y,(null),N,N,(null),N,(null),Y,(null),(null),(null),N,N,N,N,N,(null),(null),(null),N,(null),(null),(null),(null),(null),(null),Y,(null),(null),(null),(null),(null),Y,(null),(null),(null),(null),(null),(null),(null),(null),(null),(null),(null),CALM,25,MALE,WHITE HISPANIC,5.9,180,MED,BRO,BLK,UNKNOWN,ALDERTON ST,QUEENS
279873443,2024-01-02,17:12:00,2024,January,Tuesday,Based on Self Initiated,PO,001,SGT,001,Y,(null),(null),(null),3,PETIT LARCENY,1,Y,(null),N,Y,PETIT LARCENY,N,(null),Y,(null),(null),(null),N,Y,N,N,N,(null),(null),(null),N,(null),(null),(null),(null),(null),(null),Y,(null),(null),(null),Y,(null),(null),(null),(null),(null),Y,Y,(null),(null),(null),Y,(null),(null),CALM BUT DISPLEASED,26,MALE,WHITE HISPANIC,5.7,220,MED,BRO,BLK,BLACK KNICKS JACKET.,CROSBY ST,MANHATTAN
279873444,2024-01-02,23:51:00,2024,January,Tuesday,Based on Radio Run,PO,025,SGT,025,Y,O,(null),(null),1,ROBBERY,1,Y,(null),N,Y,ROBBERY,N,(null),Y,(null),(null),(null),N,Y,N,N,N,(null),(null),(null),N,(null),(null),Y,(null),(null),(null),(null),(null),(null),(null),(null),(null),Y,(null),(null),(null),(null),Y,(null),(null),(null),Y,(null),(null),NERVOUS,13,MALE,WHITE HISPANIC,5.0,100,THN,BLK,BLK,(null),3 AVE,MANHATTAN
279873445,2024-01-03,00:10:00,2024,January,Wednesday,Based on Radio Run,PO,025,PO,025,Y,O,H,Housing,1,ROBBERY,1,Y,(null),Y,Y,ROBBERY,N,(null),Y,(null),(null),(null),N,Y,N,N,N,(null),(null),(null),N,(null),(null),Y,(null),(null),(null),(null),(null),(null),(null),(null),(null),Y,(null),(null),(null),(null),Y,(null),(null),(null),Y,(null),(null),NERVOUS,21,MALE,(null),5.6,160,THN,BLK,BLK,(null),2 AVE,MANHATTAN
279873446,2024-01-03,00:10:00,2024,January,Wednesday,Based on Radio Run,PO,025,SGT,025,Y,O,H,Housing,1,ROBBERY,1,Y,(null),Y,Y,ROBBERY,N,(null),Y,(null),(null),(null),N,Y,N,N,N,(null),(null),(null),N,(null),(null),Y,(null),(null),(null),(null),(null),(null),(null),(null),(null),Y,(null),(null),(null),(null),Y,(null),(null),(null),Y,(null),(null),NERVOUS,16,MALE,BLACK HISPANIC,5.7,145,MED,BLK,BLK,(null),2 AVE,MANHATTAN
279873447,2024-01-01,03:26:00,2024,January,Monday,Based on Self Initiated,PO,052,SDS,642,Y,(null),(null),(null),0,CPW,1,N,ARRESTED,N,N,(null),N,(null),Y,(null),(null),(null),N,Y,(null),(null),N,Y,(null),(null),Y,(null),(null),(null),(null),(null),(null),Y,(null),(null),(null),(null),Y,(null),(null),(null),(null),(null),(null),(null),(null),(null),Y,(null),(null),#N/A,(null),(null),BLACK,6.0,180,MED,ZZZ,BLK,(null),E 226 ST,BRONX
279896158,2024-01-01,15:21:00,2024,January,Monday,Based on Radio Run,PO,122,SGT,122,Y,O,P,PSB,1,PETIT LARCENY,20,Y,(null),N,Y,PETIT LARCENY,N,(null),Y,(null),(null),(null),N,Y,N,N,N,(null),(null),(null),N,(null),(null),Y,(null),(null),(null),Y,(null),(null),(null),(null),(null),Y,(null),(null),(null),(null),Y,(null),(null),(null),Y,(null),(null),COMBATIVE,36,MALE,BLACK,5.7,170,THN,BRO,BLK,DARK BLUE JEANS BLACK BOOTS BLUE TRENCH COAT & GRAY BEANIE,W 97 ST,MANHATTAN
279896159,2024-01-02,21:13:00,2024,January,Tuesday,Based on Radio Run,SGT,040,LT,040,N,I,P,PSB,1,CPW,1,Y,(null),N,N,(null),N,(null),Y,(null),(null),(null),Y,N,N,(null),N,(null),(null),(null),N,(null),(null),(null),(null),(null),(null),Y,(null),Y,(null),(null),(null),Y,(null),(null),(null),(null),(null),(null),(null),(null),(null),(null),(null),CALM,30,MALE,BLACK,5.4,140,THN,BLK,BLK,(null),E 149 ST,BRONX
279896160,2024-01-02,16:16:00,2024,January,Tuesday,Based on Self Initiated,PO,040,SGT,040,N,(null),(null),(null),3,CPW,1,Y,(null),N,N,(null),N,(null),Y,(null),(null),(null),Y,N,N,N,N,(null),(null),(null),N,(null),(null),(null),(null),(null),(null),Y,(null),(null),(null),(null),Y,(null),(null),(null),(null),(null),(null),(null),(null),(null),(null),(null),(null),#N/A,20,(null),BLACK,5.8,150,MED,BRO,XXX,BLACK JACKET BLACK SKI MASK BLACK SWEATPANTS BLACK SNEAKERS WHITE HOODED SWE,WILLIS AVE,BRONX
279896161,2024-01-01,20:11:00,2024,January,Monday,Based on Self Initiated,PO,048,SGT,048,Y,O,(null),(null),0,CPW,2,Y,(null),N,N,(null),N,(null),Y,(null),(null),(null),Y,N,N,N,N,(null),(null),(null),N,(null),(null),(null),(null),(null),(null),Y,(null),(null),(null),(null),Y,(null),(null),(null),(null),(null),(null),(null),(null),(null),(null),(null),(null),#N/A,19,MALE,BLACK,5.9,175,THN,BRO,XXX,(null),FREEMAN ST,BRONX
279896162,2024-01-01,02:02:00,2024,January,Monday,Based on Self Initiated,DTS,183,SGT,046,N,(null),(null),(null),1,CPW,1,Y,(null),N,N,(null),N,(null),Y,(null),(null),(null),Y,N,N,N,N,(null),(null),(null),N,(null),(null),(null),(null),(null),(null),Y,(null),(null),(null),Y,Y,(null),(null),(null),(null),(null),(null),(null),(null),(null),(null),(null),(null),NERVOUS,(null),MALE,(null),(null),(null),(null),(null),(null),(null),3 AVE,BRONX
279896163,2024-01-02,16:01:00,2024,January,Tuesday,Based on Self Initiated,DTS,042,SGT,042,Y,(null),(null),(null),1,CPW,3,Y,(null),N,Y,CPW,N,(null),Y,(null),(null),(null),Y,Y,N,N,N,(null),(null),(null),N,(null),(null),(null),(null),(null),(null),Y,(null),(null),(null),(null),Y,(null),(null),(null),(null),(null),(null),(null),(null),(null),Y,(null),(null),#N/A,20,MALE,BLACK,6.1,190,THN,BRO,BLK,(null),INTERVALE AVE,BRONX
279896164,2024-01-02,20:42:00,2024,January,Tuesday,Based on Self Initiated,PO,042,SGT,042,Y,(null),(null),(null),1,CPW,1,Y,(null),N,N,(null),N,(null),Y,(null),(null),(null),Y,N,N,N,N,(null),(null),(null),N,(null),(null),(null),(null),(null),(null),Y,(null),(null),(null),(null),Y,(null),(null),(null),(null),(null),(null),(null),(null),(null),(null),(null),(null),NERVOUS,21,MALE,WHITE HISPANIC,5.7,150,MED,BRO,BLK,(null),E 167 ST,BRONX
279896165,2024-01-01,05:30:00,2024,January,Monday,Based on C/W on Scene,PO,109,LT,109,Y,O,P,PSB,1,OTHER,15,Y,(null),N,N,(null),N,(null),Y,(null),(null),(null),N,N,N,N,N,(null),(null),(null),N,(null),(null),(null),(null),(null),(null),Y,(null),(null),(null),(null),(null),(null),(null),(null),(null),(null),Y,(null),(null),(null),(null),(null),(null),CALM,17,MALE,WHITE,5.6,150,THN,BRO,BLK,BLACK MASK,CROSBY AVENUE,BRONX
279896166,2024-01-02,15:14:00,2024,January,Tuesday,Based on Radio Run,PO,045,SGT,045,Y,O,P,PSB,1,MURDER,2,Y,(null),N,N,(null),N,(null),Y,(null),(null),(null),Y,N,N,N,N,(null),(null),(null),N,(null),(null),(null),(null),(null),(null),Y,(null),Y,(null),(null),(null),Y,(null),(null),(null),Y,Y,(null),(null),(null),(null),(null),(null),COOPERATIVE,46,MALE,BLACK HISPANIC,5.9,150,MED,BRO,BLK,UNKNOWN,RANDALL AVE,BRONX
279896167,2024-01-01,00:42:00,2024,January,Monday,Based on Self Initiated,PO,046,SSA,046,Y,(null),(null),(null),1,CPW,1,Y,(null),N,N,(null),N,(null),Y,(null),(null),(null),Y,N,N,N,N,(null),(null),(null),N,(null),(null),(null),(null),(null),(null),Y,(null),(null),(null),(null),Y,(null),(null),(null),(null),(null),(null),(null),(null),(null),(null),(null),(null),NORMAL,21,MALE,BLACK HISPANIC,5.9,180,MED,BRO,BLK,(null),ANDREWS AVE S,BRONX
279896168,2024-01-01,03:36:00,2024,January,Monday,Based on Self Initiated,PO,046,SSA,046,Y,(null),(null),(null),1,CPW,1,Y,(null),N,N,(null),N,(null),Y,(null),(null),(null),Y,N,N,N,N,(null),(null),(null),N,(null),(null),(null),(null),(null),(null),Y,(null),(null),(null),(null),Y,(null),(null),(null),(null),(null),(null),(null),(null),(null),(null),(null),(null),ANGRY,40,MALE,BLACK,6.1,200,MED,BRO,BLK,(null),VALENTINE AVE,BRONX
279896169,2024-01-01,04:34:00,2024,January,Monday,Based on Self Initiated,PO,046,SSA,046,Y,(null),(null),(null),1,CPW,1,Y,(null),N,N,(null),N,(null),Y,(null),(null),(null),Y,N,N,N,N,(null),(null),(null),N,(null),(null),(null),(null),(null),(null),Y,(null),(null),(null),(null),Y,(null),(null),(null),(null),(null),(null),(null),(null),(null),(null),(null),(null),NORMAL,16,MALE,WHITE HISPANIC,5.7,130,THN,BRO,BLK,(null),WALTON AVE,BRONX
279896170,2024-01-01,01:26:00,2024,January,Monday,Based on Self Initiated,PO,046,SGT,046,Y,O,(null),(null),1,CPW,1,Y,(null),N,N,(null),N,(null),Y,(null),(null),(null),Y,N,N,(null),N,(null),(null),(null),N,(null),(null),(null),(null),(null),(null),Y,(null),(null),(null),(null),Y,(null),(null),(null),(null),Y,(null),(null),(null),(null),(null),(null),(null),ANNOYED,(null),MALE,BLACK,(null),(null),MED,BRO,XXX,(null),E TREMONT AVE,BRONX
279896171,2024-01-01,03:46:00,2024,January,Monday,Based on Self Initiated,PO,046,SGT,046,Y,O,(null),(null),1,CPW,3,Y,(null),N,N,(null),N,(null),Y,(null),(null),(null),Y,N,N,(null),N,(null),(null),Y,Y,(null),(null),(null),(null),(null),(null),Y,(null),(null),(null),(null),Y,(null),(null),(null),(null),(null),(null),(null),(null),(null),(null),(null),(null),CALM,(null),MALE,BLACK,5.11,(null),MED,BRO,XXX,(null),E FORDHAM RD,BRONX
279896173,2024-01-01,01:09:00,2024,January,Monday,Based on Self Initiated,DTS,183,SGT,046,N,(null),(null),(null),1,CPW,1,Y,(null),N,N,(null),N,(null),Y,(null),(null),(null),Y,N,N,N,N,(null),(null),(null),N,(null),(null),(null),(null),(null),(null),Y,(null),(null),(null),(null),Y,(null),(null),(null),(null),(null),(null),(null),(null),(null),(null),(null),(null),CALM,(null),MALE,WHITE HISPANIC,(null),(null),THN,(null),(null),(null),E 184 ST,BRONX
279896174,2024-01-01,03:32:00,2024,January,Monday,Based on Self Initiated,DTS,183,SGT,046,N,(null),(null),(null),1,ROBBERY,2,Y,(null),N,N,(null),N,(null),Y,(null),(null),(null),Y,N,N,N,N,(null),(null),(null),N,(null),(null),(null),(null),(null),(null),Y,(null),Y,(null),(null),Y,(null),(null),(null),(null),Y,(null),(null),(null),(null),(null),(null),(null),NERVOUS,(null),(null),(null),(null),(null),HEA,(null),(null),(null),WEBSTER AVE,BRONX
279896176,2024-01-01,14:22:00,2024,January,Monday,Based on Self Initiated,PO,090,LT,090,N,O,P,PSB,2,CPW,1,Y,(null),N,N,(null),N,(null),Y,(null),(null),(null),Y,N,N,N,N,(null),(null),(null),N,(null),(null),(null),(null),(null),(null),Y,(null),(null),(null),(null),Y,(null),(null),(null),(null),(null),(null),(null),(null),(null),(null),(null),(null),VERBALLY COMBATIVE,20,MALE,BLACK,5.8,180,MED,BLK,BLK,BLUE HOODY SWEATSHIRT,GRAHAM AVE,BROOKLYN
279896177,2024-01-02,21:44:00,2024,January,Tuesday,Based on Radio Run,PO,101,LT,101,Y,O,P,PSB,1,GRAND LARCENY AUTO,10,Y,(null),N,Y,GRAND LARCENY AUTO,N,(null),Y,(null),(null),(null),Y,Y,N,N,N,(null),(null),(null),N,(null),Y,(null),(null),(null),(null),(null),(null),Y,(null),(null),(null),Y,(null),(null),(null),(null),Y,(null),(null),(null),Y,(null),(null),NERVOUS COOPERATIVE,17,MALE,BLACK,6.2,180,THN,BRO,BLK,(null),DORIAN CT,QUEENS
279896178,2024-01-02,22:30:00,2024,January,Tuesday,Based on Radio Run,PO,101,LT,101,Y,O,(null),(null),1,CPW,5,Y,(null),N,N,(null),N,(null),Y,(null),(null),(null),Y,N,N,Y,N,(null),(null),(null),N,(null),(null),(null),(null),(null),(null),Y,(null),Y,(null),(null),(null),Y,(null),(null),(null),(null),(null),(null),(null),(null),(null),(null),(null),COOPERATIVE,30,MALE,BLACK,6.3,250,MED,BRO,BLK,(null),WHEATLEY ST,QUEENS
279896179,2024-01-02,13:43:00,2024,January,Tuesday,Based on Radio Run,SGT,102,LT,102,Y,O,P,PSB,3,CPW,17,Y,(null),Y,N,(null),N,(null),Y,(null),(null),(null),Y,N,N,N,N,(null),(null),(null),N,(null),(null),(null),(null),(null),(null),Y,(null),Y,(null),(null),Y,Y,(null),(null),(null),(null),Y,(null),(null),(null),(null),(null),(null),COOPERATIVE,21,MALE,WHITE HISPANIC,5.10,190,MED,BRO,BRO,RED HOODIE BLACK JACKET,QUEENS BOULEVARD,QUEENS
279896180,2024-01-02,13:43:00,2024,January,Tuesday,Based on Radio Run,PO,102,SGT,102,Y,(null),P,PSB,3,CPW,17,Y,(null),Y,N,(null),N,(null),Y,(null),(null),(null),Y,N,N,N,N,(null),(null),(null),N,(null),(null),(null),(null),(null),(null),Y,(null),Y,(null),(null),Y,Y,(null),(null),(null),(null),Y,(null),(null),(null),(null),(null),(null),COOPERATIVE,18,MALE,WHITE HISPANIC,5.9,130,THN,BRO,BLK,BLACK JACKET BLACK BOOK BAG BLACK JORDANS.,QUEENS BOULEVARD,QUEENS
279913060,2024-01-03,21:15:00,2024,January,Wednesday,Based on Self Initiated,PO,182,LT,028,Y,O,P,PSB,1,CPW,1,N,ARREST,Y,Y,CPW,N,(null),Y,(null),(null),(null),Y,Y,N,N,N,Y,(null),(null),Y,(null),(null),Y,(null),(null),(null),(null),(null),(null),(null),(null),Y,(null),(null),(null),(null),(null),(null),(null),(null),Y,Y,(null),(null),COMBATIVE/EVASIVE,18,MALE,BLACK,6.1,180,MED,BRO,BLK,BLACK JACKET,1 AVE,MANHATTAN
279913064,2024-01-01,01:53:00,2024,January,Monday,Based on Self Initiated,PO,042,SGT,042,Y,(null),(null),(null),0,CPW,0,Y,(null),N,N,(null),N,(null),Y,(null),(null),(null),Y,N,(null),(null),N,(null),(null),(null),N,(null),(null),(null),(null),(null),(null),Y,(null),(null),(null),(null),Y,(null),(null),(null),(null),(null),(null),(null),(null),(null),(null),(null),(null),NORMAL,(null),MALE,WHITE,(null),(null),MED,(null),BLN,(null),E 163 ST,BRONX
279913066,2024-01-01,02:30:00,2024,January,Monday,Based on Self Initiated,PO,042,SGT,042,Y,(null),(null),(null),0,CPW,0,Y,(null),N,N,(null),Y,DISORDERLY CONDUCT,Y,(null),(null),(null),Y,Y,N,N,N,(null),(null),(null),N,(null),(null),Y,(null),(null),(null),Y,(null),(null),(null),(null),Y,(null),(null),(null),(null),(null),(null),(null),(null),(null),(null),Y,(null),NERVOUS,(null),MALE,BLACK HISPANIC,(null),(null),THN,BRO,BLK,(null),E 170 ST,BRONX
279913068,2024-01-01,23:43:00,2024,January,Monday,Based on Self Initiated,PO,044,SGT,044,Y,O,(null),(null),1,CPW,10,N,ARREST,Y,Y,CPW,N,(null),Y,(null),(null),(null),Y,Y,N,N,N,(null),Y,(null),Y,(null),(null),(null),(null),(null),(null),Y,(null),(null),(null),(null),Y,(null),(null),(null),(null),(null),(null),(null),(null),(null),Y,(null),(null),UPSET,19,MALE,BLACK HISPANIC,6.0,200,MED,BRO,BLK,(null),GRAND CONC,BRONX
279913069,2024-01-01,23:43:00,2024,January,Monday,Based on Self Initiated,PO,044,SGT,044,Y,O,(null),(null),1,CPW,2,N,FOOT PURSUIT,Y,N,(null),N,(null),Y,(null),(null),(null),Y,N,N,N,N,(null),(null),(null),N,(null),(null),(null),(null),(null),(null),Y,(null),(null),(null),(null),Y,(null),(null),(null),(null),(null),(null),(null),(null),(null),(null),(null),(null),CALM,20,MALE,BLACK,6.0,140,THN,BRO,BLK,(null),GRAND CONC,BRONX
279913070,2024-01-01,22:23:00,2024,January,Monday,Based on Self Initiated,PO,044,SGT,044,Y,O,(null),(null),2,CPW,1,N,SUBJECT WALKED AWAY.,N,N,(null),N,(null),Y,(null),(null),(null),Y,N,N,N,N,(null),(null),(null),N,(null),(null),(null),(null),(null),(null),Y,(null),(null),(null),(null),Y,(null),(null),(null),(null),(null),(null),(null),(null),(null),(null),(null),(null),#N/A,(null),MALE,WHITE HISPANIC,(null),(null),(null),(null),(null),(null),WALTON AVE,BRONX
279913071,2024-01-01,03:50:00,2024,January,Monday,Based on Self Initiated,DTS,183,SGT,046,N,(null),(null),(null),1,CPW,5,Y,(null),Y,N,(null),N,(null),Y,(null),(null),(null),Y,N,N,N,Y,(null),(null),(null),N,(null),(null),(null),(null),(null),(null),Y,(null),(null),(null),(null),Y,(null),(null),(null),(null),(null),(null),(null),(null),(null),(null),(null),(null),CALM,(null),(null),(null),(null),(null),(null),(null),(null),(null),BRONXWOOD AVE,BRONX
279913072,2024-01-03,18:54:00,2024,January,Wednesday,Based on Self Initiated,PO,801,SGT,801,Y,(null),H,Housing,10,CPW,2,Y,(null),N,N,(null),N,(null),Y,(null),(null),(null),Y,N,N,N,N,(null),(null),(null),N,(null),(null),(null),(null),(null),(null),Y,(null),(null),(null),(null),Y,(null),(null),(null),(null),(null),(null),(null),(null),(null),(null),(null),(null),ANXIOUS,18,MALE,BLACK,5.10,125,THN,BLK,BLK,N/A,SHORE PKWY,BROOKLYN
279913073,2024-01-01,01:21:00,2024,January,Monday,Based on Self Initiated,DT3,318,SGT,318,Y,I,P,PSB,1,CPW,2,Y,(null),N,Y,CPW,N,(null),Y,(null),(null),(null),Y,Y,N,N,Y,Y,(null),(null),Y,(null),(null),(null),(null),(null),(null),Y,(null),(null),(null),(null),Y,(null),(null),(null),(null),(null),(null),(null),(null),(null),Y,(null),(null),COMBATIVE,32,MALE,BLACK,6.2,180,(null),BRO,BLK,(null),BEDFORD AVE,BROOKLYN
279913077,2024-01-03,19:20:00,2024,January,Wednesday,Based on Radio Run,PO,102,SGT,102,Y,O,(null),(null),1,CPW,5,Y,(null),N,N,(null),N,(null),Y,(null),(null),(null),Y,N,N,N,N,(null),(null),(null),N,(null),(null),(null),(null),(null),(null),Y,(null),Y,(null),(null),(null),Y,(null),(null),(null),(null),Y,(null),(null),(null),(null),(null),(null),CALM,20,MALE,WHITE HISPANIC,5.7,150,THN,BRO,BLK,GREEN HOODIE. LONG HAIR LIGHT COLORED GREY/BEIGE PANTS,JAMAICA AVE,QUEENS
279913081,2024-01-01,07:18:00,2024,January,Monday,Based on C/W on Scene,PO,114,SGT,114,N,O,P,PSB,1,ASSAULT,5,N,LANGUAGE BARRIER - SPANISH,N,Y,ASSAULT,N,(null),Y,(null),(null),(null),Y,Y,N,N,N,(null),(null),(null),N,(null),(null),(null),(null),(null),(null),Y,(null),Y,(null),(null),(null),Y,(null),(null),(null),(null),Y,(null),(null),(null),Y,(null),(null),CALM,33,MALE,WHITE HISPANIC,5.4,160,MED,BRO,BLK,GREEN JACKET BLUE PANTS WHITE SHOES,31 ST,QUEENS
279941893,2024-01-01,00:31:00,2024,January,Monday,Based on Self Initiated,PO,048,SGT,048,N,(null),(null),(null),1,CPW,1,Y,(null),Y,N,(null),N,(null),Y,(null),(null),(null),Y,N,N,N,N,(null),(null),(null),N,(null),(null),(null),(null),(null),(null),Y,(null),(null),(null),(null),Y,(null),(null),(null),(null),(null),(null),(null),(null),(null),(null),(null),(null),#N/A,(null),MALE,BLACK,(null),(null),(null),(null),(null),(null),E TREMONT AVE,BRONX
279968585,2024-01-03,11:49:00,2024,January,Wednesday,Based on C/W on Scene,PO,019,SGT,019,Y,(null),P,PSB,0,PETIT LARCENY,5,Y,(null),N,Y,PETIT LARCENY,N,(null),Y,(null),(null),(null),N,Y,N,N,N,(null),(null),(null),N,(null),(null),Y,(null),(null),(null),Y,(null),(null),(null),(null),(null),Y,(null),(null),(null),(null),Y,(null),(null),(null),Y,Y,(null),NERVOUS,46,MALE,BLACK HISPANIC,5.7,140,THN,BRO,BLK,(null),1 AVE,MANHATTAN
279968586,2024-01-04,13:47:00,2024,January,Thursday,Based on Radio Run,PO,024,SGT,024,N,I,P,PSB,1,ROBBERY,5,N,VIOLENT CRIME,N,Y,ROBBERY,N,(null),Y,(null),(null),(null),Y,Y,N,N,N,(null),Y,(null),Y,(null),(null),Y,(null),(null),(null),Y,(null),Y,(null),(null),Y,Y,(null),(null),(null),(null),Y,(null),(null),Y,(null),(null),(null),COMBATIVE,45,FEMALE,BLACK,5.6,120,THN,BRO,BLK,RED JACKETS BLUE PANTS DREADS GLASSES ON A BIKE,W 93 ST,MANHATTAN
279968587,2024-01-04,16:51:00,2024,January,Thursday,Based on Radio Run,PO,026,SGT,026,Y,(null),H,Housing,0,OTHER,2,Y,(null),Y,N,(null),N,(null),Y,(null),(null),(null),Y,N,N,N,N,(null),(null),(null),N,(null),(null),(null),(null),(null),(null),Y,(null),Y,(null),(null),(null),(null),(null),(null),(null),(null),Y,(null),(null),(null),(null),(null),(null),CALM,26,MALE,MIDDLE EASTERN/SOUTHWEST ASIAN,5.8,160,THN,BLK,XXX,BROWN JACKET GRAY HOODIE,W 125 ST,MANHATTAN
279968588,2024-01-04,02:35:00,2024,January,Thursday,Based on Self Initiated,SGT,046,LT,183,Y,(null),(null),(null),1,CPW,1,Y,(null),N,N,(null),N,(null),Y,(null),(null),(null),Y,N,Y,N,N,(null),(null),(null),N,(null),(null),(null),(null),(null),(null),Y,(null),(null),(null),(null),Y,(null),(null),(null),(null),(null),(null),(null),(null),(null),(null),(null),(null),COMPLIANT,30,MALE,WHITE HISPANIC,5.10,180,MED,ZZZ,XXX,UNKNOWN,TINTON AVE,BRONX
279968590,2024-01-02,22:36:00,2024,January,Tuesday,Based on Self Initiated,PO,046,SGT,046,Y,O,(null),(null),1,CPW,1,Y,(null),N,N,(null),N,(null),Y,(null),(null),(null),Y,N,N,N,N,(null),(null),(null),N,(null),(null),(null),(null),(null),(null),Y,(null),(null),(null),(null),Y,(null),(null),(null),(null),(null),(null),(null),(null),(null),(null),(null),(null),NORMAL,22,MALE,BLACK,5.9,170,MED,BRO,BLK,(null),MARION AVE,BRONX
279968591,2024-01-03,22:49:00,2024,January,Wednesday,Based on Self Initiated,PO,046,SGT,046,Y,O,(null),(null),1,CPW,2,Y,(null),N,N,(null),N,(null),Y,(null),(null),(null),Y,Y,N,N,N,(null),Y,(null),Y,(null),(null),(null),(null),(null),(null),Y,(null),(null),(null),(null),Y,(null),(null),(null),(null),(null),(null),Y,(null),(null),(null),(null),(null),TALKATIVE,30,MALE,BLACK,6.0,180,MED,BRO,BLK,(null),UNIVERSITY AVE,BRONX
279968592,2024-01-03,23:04:00,2024,January,Wednesday,Based on Self Initiated,PO,046,SGT,046,Y,O,(null),(null),1,CPW,1,Y,(null),N,N,(null),N,(null),Y,(null),(null),(null),Y,N,N,N,N,(null),(null),(null),N,(null),(null),(null),(null),(null),(null),Y,(null),(null),(null),(null),Y,(null),(null),(null),(null),(null),(null),(null),(null),(null),(null),(null),(null),NERVOUS,30,MALE,WHITE HISPANIC,5.8,200,HEA,BRO,BLK,(null),WEEKS AVE,BRONX
279968593,2024-01-03,23:16:00,2024,January,Wednesday,Based on Self Initiated,PO,046,SGT,046,Y,O,P,PSB,1,CPW,1,Y,(null),N,N,(null),N,(null),Y,(null),(null),(null),Y,Y,N,N,N,(null),(null),(null),N,(null),(null),(null),(null),(null),(null),Y,(null),(null),(null),(null),Y,(null),(null),(null),(null),(null),(null),(null),(null),Y,(null),(null),(null),NERVOUS/AGGRESSIVE,25,MALE,BLACK HISPANIC,5.8,145,U,BRO,XXX,(null),GRAND CONC,BRONX
279968597,2024-01-03,23:41:00,2024,January,Wednesday,Based on Self Initiated,PO,052,SGT,042,N,O,(null),(null),0,CPW,1,Y,(null),Y,N,(null),N,(null),Y,(null),(null),(null),Y,N,(null),(null),N,(null),Y,(null),Y,(null),(null),(null),(null),(null),(null),Y,(null),(null),(null),(null),Y,(null),(null),(null),(null),(null),(null),(null),(null),(null),(null),(null),(null),#N/A,(null),(null),(null),(null),(null),(null),(null),(null),(null),BRONXWOOD AVE,BRONX
279968598,2024-01-02,19:54:00,2024,January,Tuesday,Based on Self Initiated,PO,049,SGT,049,Y,(null),(null),(null),1,CPW,1,Y,(null),N,N,(null),N,(null),Y,(null),(null),(null),Y,N,N,N,N,(null),(null),(null),N,(null),(null),(null),(null),(null),(null),Y,(null),(null),(null),(null),Y,(null),(null),(null),(null),(null),(null),(null),(null),(null),(null),(null),(null),DEFENSIVE,(null),MALE,BLACK,5.9,170,THN,BRO,XXX,BLACK JACKETBLACK SWEATPAANTS BLACK SNEAKERS.,OLINVILLE AVE,BRONX
279968599,2024-01-01,00:30:00,2024,January,Monday,Based on Self Initiated,PO,048,SGT,048,N,O,(null),(null),1,CPW,1,Y,(null),Y,N,(null),N,(null),Y,(null),(null),(null),Y,N,N,N,N,(null),(null),(null),N,(null),(null),(null),(null),(null),(null),Y,(null),(null),(null),(null),Y,(null),(null),(null),(null),(null),(null),(null),(null),(null),(null),(null),(null),#N/A,(null),MALE,BLACK,5.10,160,MED,BLK,BLK,(null),PROSPECT AVE,BRONX
279968601,2024-01-04,17:13:00,2024,January,Thursday,Based on Radio Run,DTS,048,SGT,048,Y,O,(null),(null),1,CPW,5,Y,(null),N,N,(null),N,(null),Y,(null),(null),(null),Y,N,N,N,N,(null),(null),(null),N,(null),(null),(null),(null),(null),(null),Y,(null),Y,(null),(null),(null),Y,(null),(null),(null),(null),Y,(null),(null),(null),(null),(null),(null),UNDERSTANDING COOPERATIVE,30,MALE,BLACK,5.7,165,MED,BRO,BLK,GREY HOODED SWEATSHIRT BLACK PANTS DREADLOCKS,PROSPECT AVE,BRONX
279968602,2024-01-03,20:11:00,2024,January,Wednesday,Based on Self Initiated,PO,049,SGT,049,Y,(null),(null),(null),1,CPW,1,Y,(null),N,N,(null),N,(null),Y,(null),(null),(null),Y,N,N,N,N,(null),(null),(null),N,(null),(null),(null),(null),(null),(null),Y,(null),(null),(null),(null),Y,(null),(null),(null),(null),(null),(null),(null),(null),(null),(null),(null),(null),NERVOUS AND CONFUSED,25,MALE,WHITE HISPANIC,5.9,175,THN,BRO,XXX,BLACK BASEBALL CAP BLACK SKI MASK RED PUFFER COAT BLACK JEANS AND BLACK AND W,BOSTON RD,BRONX
279968603,2024-01-02,19:22:00,2024,January,Tuesday,Based on Self Initiated,PO,049,SGT,049,Y,(null),(null),(null),1,CPW,2,Y,(null),N,N,(null),N,(null),Y,(null),(null),(null),Y,N,N,N,N,(null),(null),(null),N,(null),(null),(null),(null),(null),(null),Y,(null),(null),(null),(null),Y,(null),(null),(null),(null),(null),(null),(null),(null),(null),(null),(null),(null),#N/A,(null),MALE,BLACK,6.1,230,HEA,BRO,XXX,GREEN CAMO JACKET BLACK SWEATPANTS BLACK MASK BLACK SNEAKERS,HERING AVE,BRONX
279968604,2024-01-02,20:23:00,2024,January,Tuesday,Based on Self Initiated,PO,049,SGT,049,Y,(null),(null),(null),1,CPW,1,Y,(null),N,N,(null),N,(null),Y,(null),(null),(null),Y,N,N,N,N,(null),(null),(null),N,(null),(null),(null),(null),(null),(null),Y,(null),(null),(null),(null),Y,(null),(null),(null),(null),(null),(null),(null),(null),(null),(null),(null),(null),NORMAL,(null),MALE,BLACK,5.8,185,THN,BRO,BLK,BLACK HOODIE BLACK JEANS BLACK SNEAKERS,ASTOR AVE,BRONX
279968608,2024-01-03,19:49:00,2024,January,Wednesday,Based on Self Initiated,PO,130,SGT,103,N,(null),(null),(null),3,CPW,15,Y,(null),N,N,(null),Y,DISORDERLY CONDUCT,Y,(null),(null),(null),Y,Y,Y,N,N,(null),Y,(null),Y,(null),(null),Y,(null),(null),Y,Y,(null),(null),(null),(null),Y,(null),(null),(null),(null),(null),(null),(null),(null),(null),Y,(null),(null),NERVOUS,17,MALE,BLACK,6.1,160,MED,BRO,BLK,(null),ROCKAWAY PKWY,BROOKLYN
279968609,2024-01-02,20:05:00,2024,January,Tuesday,Based on Radio Run,PO,101,SGT,101,Y,I,(null),(null),1,ASSAULT,5,Y,(null),N,Y,ROBBERY,N,(null),Y,(null),(null),(null),N,Y,N,(null),N,(null),(null),(null),N,(null),(null),(null),(null),(null),(null),Y,(null),(null),(null),(null),(null),Y,(null),(null),(null),(null),(null),(null),(null),(null),Y,(null),(null),#N/A,58,MALE,BLACK,6.0,190,(null),(null),(null),(null),BEACH CHANNEL DR,QUEENS
279968610,2024-01-03,22:47:00,2024,January,Wednesday,Based on Self Initiated,PO,101,LT,101,Y,O,(null),(null),1,CPW,10,Y,(null),N,N,(null),N,(null),Y,(null),(null),(null),Y,N,N,N,N,(null),(null),(null),N,(null),(null),(null),(null),(null),(null),Y,(null),(null),(null),(null),Y,(null),(null),(null),(null),(null),(null),(null),(null),(null),(null),(null),(null),COOPERATIVE,29,MALE,BLACK,5.9,170,THN,BRO,BLK,BEARD,BEACH CHANNEL DR,QUEENS
279968611,2024-01-03,13:59:00,2024,January,Wednesday,Based on Self Initiated,PO,120,SGT,120,Y,O,P,PSB,1,MENACING,1,Y,(null),N,N,(null),N,(null),Y,(null),(null),(null),Y,N,N,Y,N,(null),(null),(null),N,(null),(null),(null),(null),(null),(null),Y,(null),(null),Y,(null),(null),Y,(null),(null),(null),(null),(null),(null),(null),(null),(null),(null),(null),AGGRAVATED,17,MALE,BLACK,5.8,160,THN,BRO,BLK,(null),HENDRICKS AVE,STATEN ISLAND
279990274,2024-01-04,16:24:00,2024,January,Thursday,Based on Self Initiated,PO,042,LT,042,Y,(null),(null),(null),1,CPW,1,Y,(null),Y,N,(null),N,(null),Y,(null),(null),(null),Y,N,(null),(null),N,(null),(null),(null),N,(null),(null),(null),(null),(null),(null),Y,(null),(null),(null),(null),Y,(null),(null),(null),(null),(null),(null),(null),(null),(null),(null),(null),(null),NORMAL,(null),MALE,BLACK,(null),(null),MED,(null),(null),(null),FREEMAN ST,BRONX
279990275,2024-01-02,21:08:00,2024,January,Tuesday,Based on Self Initiated,PO,044,SGT,044,Y,(null),(null),(null),1,CPW,6,Y,(null),N,N,(null),N,(null),Y,(null),(null),(null),Y,Y,N,N,N,(null),Y,(null),Y,(null),(null),(null),(null),(null),(null),Y,(null),(null),(null),(null),Y,(null),(null),(null),(null),(null),(null),Y,(null),(null),(null),(null),(null),CALM,28,MALE,BLACK HISPANIC,5.9,150,(null),BRO,BLK,(null),E 173 ST,BRONX
279990276,2024-01-03,23:22:00,2024,January,Wednesday,Based on Self Initiated,PO,044,SGT,044,Y,(null),P,PSB,2,CPW,4,Y,(null),N,N,(null),N,(null),Y,(null),(null),(null),Y,Y,N,N,N,(null),Y,(null),Y,(null),(null),(null),(null),(null),(null),Y,(null),(null),(null),(null),Y,(null),(null),(null),(null),(null),(null),(null),(null),Y,(null),(null),(null),CALM,(null),MALE,BLACK,6.1,200,MED,BLK,BLK,(null),E 167 ST,BRONX
279990278,2024-01-03,22:35:00,2024,January,Wednesday,Based on Self Initiated,PO,044,SGT,044,Y,(null),(null),(null),2,CPW,13,Y,(null),N,N,(null),N,(null),Y,(null),(null),(null),Y,N,N,Y,N,(null),(null),(null),N,(null),(null),(null),(null),(null),(null),Y,(null),(null),(null),(null),Y,(null),(null),(null),(null),(null),(null),(null),(null),(null),(null),(null),(null),#N/A,(null),MALE,WHITE HISPANIC,(null),(null),THN,(null),BLK,(null),GRAND CONC,BRONX
279990279,2024-01-01,21:32:00,2024,January,Monday,Based on Self Initiated,PO,864,SGT,864,Y,O,T,Transit,10,ASSAULT,18,Y,(null),N,N,(null),N,(null),Y,(null),(null),(null),Y,Y,N,N,N,(null),(null),(null),N,(null),(null),Y,(null),(null),(null),Y,(null),Y,(null),Y,(null),Y,(null),(null),(null),(null),Y,(null),(null),(null),(null),Y,(null),AGITATED,37,MALE,BLACK HISPANIC,5.9,170,MED,BRO,BLK,(null),RYER AVE,BRONX
279990282,2024-01-03,23:11:00,2024,January,Wednesday,Based on Self Initiated,PO,052,SGT,042,N,O,(null),(null),1,CPW,5,Y,(null),N,N,(null),N,(null),Y,(null),(null),(null),Y,N,(null),(null),N,(null),(null),(null),N,(null),(null),Y,(null),(null),(null),Y,(null),(null),(null),(null),Y,(null),(null),(null),(null),(null),(null),(null),(null),(null),(null),(null),(null),#N/A,(null),(null),(null),(null),(null),(null),(null),(null),(null),E 231 ST,BRONX
279990283,2024-01-04,19:20:00,2024,January,Thursday,Based on C/W on Scene,PO,050,SGT,050,Y,I,(null),(null),0,PETIT LARCENY,20,Y,(null),N,N,(null),N,(null),Y,(null),(null),(null),N,Y,N,N,N,(null),(null),(null),N,(null),(null),(null),(null),(null),(null),Y,(null),(null),(null),(null),(null),Y,(null),(null),(null),(null),(null),(null),(null),(null),Y,(null),(null),#N/A,49,MALE,BLACK HISPANIC,5.8,140,THN,BRO,BLK,BLUE JACKET BLACK SWEATSHIRT BLACK PANTS,W 231 ST,BRONX
279990285,2024-01-01,19:29:00,2024,January,Monday,Based on Self Initiated,PO,803,SGT,803,Y,O,H,Housing,3,CPW,1,N,SUBJECT WALKED OFF,N,N,(null),N,(null),Y,(null),(null),(null),Y,N,N,N,N,(null),(null),(null),N,(null),(null),(null),(null),(null),(null),Y,(null),(null),(null),(null),Y,(null),(null),(null),(null),(null),(null),(null),(null),(null),(null),(null),(null),MAD,(null),MALE,BLACK,5.6,(null),MED,BRO,XXX,(null),MARCY AVE,BROOKLYN
279990286,2024-01-01,19:29:00,2024,January,Monday,Based on Self Initiated,PO,803,SGT,803,Y,(null),H,Housing,2,CPW,1,Y,(null),N,N,(null),N,(null),Y,(null),(null),(null),Y,N,N,N,N,(null),(null),(null),N,(null),(null),(null),(null),(null),(null),Y,(null),(null),(null),(null),Y,(null),(null),(null),(null),(null),(null),(null),(null),(null),(null),(null),(null),IRATE,18,MALE,BLACK,6.0,180,(null),BRO,XXX,(null),PARK AVE,BROOKLYN
279990288,2024-01-04,02:40:00,2024,January,Thursday,Based on Self Initiated,PO,090,SGT,090,Y,O,P,PSB,1,CPW,2,Y,(null),N,N,(null),N,(null),Y,(null),(null),(null),Y,N,N,N,N,(null),(null),(null),N,(null),(null),(null),(null),(null),(null),Y,(null),(null),(null),(null),Y,(null),(null),(null),(null),(null),(null),(null),(null),(null),(null),(null),(null),APPARENTLY NORMAL,20,MALE,BLACK,5.10,155,THN,BRO,XXX,BLACK JACKET,GRAHAM AVE,BROOKLYN
279990292,2024-01-04,00:02:00,2024,January,Thursday,Based on Radio Run,PO,108,SGT,108,Y,(null),P,PSB,1,ROBBERY,1,Y,(null),Y,Y,GRAND LARCENY,N,(null),Y,(null),(null),(null),N,Y,N,N,N,(null),(null),(null),N,(null),(null),Y,(null),(null),(null),Y,(null),(null),(null),(null),(null),Y,(null),(null),(null),(null),Y,(null),(null),(null),Y,(null),(null),CALM,21,MALE,WHITE HISPANIC,5.7,130,MED,BRO,BLK,RED JACKET,QUEENS BLVD,QUEENS
279990293,2024-01-04,00:02:00,2024,January,Thursday,Based on Radio Run,PO,108,SGT,108,Y,(null),P,PSB,1,ROBBERY,1,Y,(null),Y,Y,GRAND LARCENY,N,(null),Y,(null),(null),(null),Y,Y,N,N,N,(null),(null),(null),N,(null),(null),Y,(null),(null),(null),Y,(null),Y,(null),(null),(null),Y,(null),(null),(null),(null),Y,(null),(null),(null),Y,(null),(null),CALM,21,MALE,WHITE HISPANIC,5.7,150,THN,BRO,BLK,BLACK JACKET,QUEENS BLVD,QUEENS